{
	"zealot.effect.boom" : {
		"sounds": [
			"fx/boom"
		]
	},
	"zealot.effect.flame" : {
		"sounds": [
			"fx/flame"
		]
	},
	"zealot.effect.frost" : {
		"sounds": [
			"fx/frost"
		]
	},
		"zealot.effect.charge" : {
		"sounds": [
			"fx/charge"
		]
	},
		"zealot.effect.spark" : {
		"sounds": [
			"fx/spark"
		]
	},
		"zealot.effect.shimmer" : {
		"sounds": [
			"fx/shimmer"
		]
	},
	"zealot.effect.sonic_charge" : {
		"sounds": [
			"fx/sonic_charge"
		]
	},
	"zealot.effect.wind" : {
		"sounds": [
			"fx/wind"
		]
	},
	"zealot.effect.cast" : {
		"sounds": [
			"fx/cast"
		]
	},
	"zealot.effect.gravity" : {
		"sounds": [
			"fx/gravity"
		]
	},
	"zealot.effect.resonate" : {
		"sounds": [
			"fx/resonate"
		]
	},
	"zealot.effect.woosh" : {
		"sounds": [
			"fx/woosh"
		]
	},
	
	"zealot.world.impact2" : {
		"sounds": [
			"world/impact2"
		]
	},
	"zealot.world.impact1" : {
		"sounds": [
			"world/impact1"
		]
	},
	
	"zealot.player.breath" : {
		"sounds": [
			"player/breath"
		]
	},
	"zealot.movement.slide" : {
		"sounds": [
			"player/slide"
		]
	},
	"zealot.movement.dash" : {
		"sounds": [
			"player/dash"
		]
	},
	"zealot.movement.fall" : {
		"sounds": [
			"player/fall"
		]
	},
	
	"zealot.attack.sharpen" : {
		"sounds": [
			"attack/sharpen"
		]
	},
	"zealot.attack.slice" : {
		"sounds": [
			"attack/slice"
		]
	},
	"zealot.attack.sheathe" : {
		"sounds": [
			"attack/sheathe"
		]
	},
	"zealot.attack.punch" : {
		"sounds": [
			"attack/punch"
		]
	},
	
	"zealot.ui.pop" : {
		"sounds": [
			"ui/pop"
		]
	},
	"zealot.ui.message" : {
		"sounds": [
			"ui/message"
		]
	},
	"zealot.ui.goal" : {
		"sounds": [
			"ui/goal"
		]
	},
	"zealot.ui.change" : {
		"sounds": [
			"ui/change"
		]
	},
	
	"zealot.theme.discover" : {
		"sounds": [
			"theme/discover"
		]
	},
		"zealot.theme.level_up" : {
		"sounds": [
			"theme/levelup"
		]
	},
	"zealot.theme.suspense1" : {
		"sounds": [
			"theme/suspense1"
		]
	},
	"zealot.theme.suspense2" : {
		"sounds": [
			"theme/suspense2"
		]
	},
	"zealot.theme.tension1" : {
		"sounds": [
			"theme/tension1"
		]
	},
	"zealot.theme.tension2" : {
		"sounds": [
			"theme/tension2"
		]
	},
	"zealot.theme.conflict1" : {
		"sounds": [
			"theme/conflict1"
		]
	},
	"zealot.theme.conflict2" : {
		"sounds": [
			"theme/conflict2"
		]
	},
	"zealot.theme.haunting1" : {
		"sounds": [
			"theme/haunting1"
		]
	},
	"zealot.theme.haunting2" : {
		"sounds": [
			"theme/haunting2"
		]
	}
}