{
    "parent": "item/generated",
    "textures": {
        "layer0": "item/armor_stand"
    },
	
	"overrides": [
		{"predicate": {"custom_model_data":1}, "model": "item/traps/landmine"},
		{"predicate": {"custom_model_data":2}, "model": "item/traps/smoke_trap"},
		{"predicate": {"custom_model_data":3}, "model": "item/traps/ember_trap"},
		{"predicate": {"custom_model_data":4}, "model": "item/traps/grav_trap"},
		{"predicate": {"custom_model_data":5}, "model": "item/traps/storm_trap"},
		{"predicate": {"custom_model_data":6}, "model": "item/traps/evoker_trap"},
		{"predicate": {"custom_model_data":7}, "model": "item/traps/seeker_trap"},
		{"predicate": {"custom_model_data":8}, "model": "item/traps/glacier_trap"}
		]
}