{
	"parent": "item/generated",
	"textures": {
		"layer0": "item/snowball"
	},
	
	"overrides": [
		{"predicate": {"custom_model_data":1}, "model": "item/throwables/shuriken"},
		{"predicate": {"custom_model_data":2}, "model": "item/throwables/ash_cloud"},
		{"predicate": {"custom_model_data":3}, "model": "item/throwables/fire_star"},
		{"predicate": {"custom_model_data":4}, "model": "item/throwables/grav_bomb"},
		{"predicate": {"custom_model_data":5}, "model": "item/throwables/storm_charge"},
		{"predicate": {"custom_model_data":6}, "model": "item/throwables/rift_well"},
		{"predicate": {"custom_model_data":7}, "model": "item/throwables/rift_seeker"},
		{"predicate": {"custom_model_data":8}, "model": "item/throwables/redstone_tracker"},
		{"predicate": {"custom_model_data":9}, "model": "item/throwables/frost_star"}
		]
}