{
    "providers": [
        {
            "type": "bitmap",
            "file": "minecraft:font/fac1b.png",
            "ascent": 8.5,
            "height": 10,
            "chars": [
                "\uEbf1"
            ]
        },
		{
            "type": "bitmap",
            "file": "minecraft:font/fac2b.png",
            "ascent": 8.5,
            "height": 10,
            "chars": [
                "\uEbf2"
            ]
        },
		
		
		{
            "type": "bitmap",
            "file": "minecraft:font/fac1.png",
            "ascent": 12,
            "height": 17,
            "chars": [
                "\uEaf2"
            ]
        },
		{
            "type": "bitmap",
            "file": "minecraft:font/fac2.png",
            "ascent": 12,
            "height": 17,
            "chars": [
                "\uEaf3"
            ]
        },
		
		
		{
            "type": "bitmap",
            "file": "minecraft:font/fac1a.png",
            "ascent": -44,
            "height": 20,
            "chars": [
                "\uEac1"
            ]
        },
		{
            "type": "bitmap",
            "file": "minecraft:font/fac2a.png",
            "ascent": -44,
            "height": 20,
            "chars": [
                "\uEac2"
            ]
        },
		
		
		{
            "type": "bitmap",
            "file": "minecraft:font/1.png",
            "ascent": -44,
            "height": 19,
            "chars": [
                "\uE0c1"
            ]
        },
		{
            "type": "bitmap",
            "file": "minecraft:font/2.png",
            "ascent": -44,
            "height": 19,
            "chars": [
                "\uE0c2"
            ]
        },
		{
            "type": "bitmap",
            "file": "minecraft:font/3.png",
            "ascent": -44,
            "height": 19,
            "chars": [
                "\uE0c3"
            ]
        },
		{
            "type": "bitmap",
            "file": "minecraft:font/4.png",
            "ascent": -44,
            "height": 19,
            "chars": [
                "\uE0c4"
            ]
        },
		{
            "type": "bitmap",
            "file": "minecraft:font/5.png",
            "ascent": -44,
            "height": 19,
            "chars": [
                "\uE0c5"
            ]
        },
		{
            "type": "bitmap",
            "file": "minecraft:font/6.png",
            "ascent": -44,
            "height": 19,
            "chars": [
                "\uE0c6"
            ]
        },
		{
            "type": "bitmap",
            "file": "minecraft:font/7.png",
            "ascent": -44,
            "height": 19,
            "chars": [
                "\uE0c7"
            ]
        },
		{
            "type": "bitmap",
            "file": "minecraft:font/8.png",
            "ascent": -44,
            "height": 19,
            "chars": [
                "\uE0c8"
            ]
        },
		{
            "type": "bitmap",
            "file": "minecraft:font/9.png",
            "ascent": -44,
            "height": 19,
            "chars": [
                "\uE0c9"
            ]
        },
		
		
        {
            "type": "bitmap",
            "file": "minecraft:font/1.png",
            "ascent": 13,
            "height": 18,
            "chars": [
                "\uE0f1"
            ]
        },
		{
            "type": "bitmap",
            "file": "minecraft:font/2.png",
            "ascent": 13,
            "height": 18,
            "chars": [
                "\uE0f2"
            ]
        },
		{
            "type": "bitmap",
            "file": "minecraft:font/3.png",
            "ascent": 13,
            "height": 18,
            "chars": [
                "\uE0f3"
            ]
        },
		{
            "type": "bitmap",
            "file": "minecraft:font/4.png",
            "ascent": 13,
            "height": 18,
            "chars": [
                "\uE0f4"
            ]
        },
		{
            "type": "bitmap",
            "file": "minecraft:font/5.png",
            "ascent": 13,
            "height": 18,
            "chars": [
                "\uE0f5"
            ]
        },
		{
            "type": "bitmap",
            "file": "minecraft:font/6.png",
            "ascent": 13,
            "height": 18,
            "chars": [
                "\uE0f6"
            ]
        },
		{
            "type": "bitmap",
            "file": "minecraft:font/7.png",
            "ascent": 13,
            "height": 18,
            "chars": [
                "\uE0f7"
            ]
        },
		{
            "type": "bitmap",
            "file": "minecraft:font/8.png",
            "ascent": 13,
            "height": 18,
            "chars": [
                "\uE0f8"
            ]
        },
		{
            "type": "bitmap",
            "file": "minecraft:font/9.png",
            "ascent": 13,
            "height": 18,
            "chars": [
                "\uE0f9"
            ]
        },



        {
            "type": "bitmap",
            "file": "minecraft:font/1.png",
            "ascent": 10,
            "height": 70,
            "chars": [
                "\uE0d1"
            ]
        },
		{
            "type": "bitmap",
            "file": "minecraft:font/2.png",
            "ascent": 10,
            "height": 70,
            "chars": [
                "\uE0d2"
            ]
        },
		{
            "type": "bitmap",
            "file": "minecraft:font/3.png",
            "ascent": 10,
            "height": 70,
            "chars": [
                "\uE0d3"
            ]
        },
		{
            "type": "bitmap",
            "file": "minecraft:font/4.png",
            "ascent": 10,
            "height": 70,
            "chars": [
                "\uE0d4"
            ]
        },
		{
            "type": "bitmap",
            "file": "minecraft:font/5.png",
            "ascent": 10,
            "height": 70,
            "chars": [
                "\uE0d5"
            ]
        },
		{
            "type": "bitmap",
            "file": "minecraft:font/6.png",
            "ascent": 10,
            "height": 70,
            "chars": [
                "\uE0d6"
            ]
        },
		{
            "type": "bitmap",
            "file": "minecraft:font/7.png",
            "ascent": 10,
            "height": 70,
            "chars": [
                "\uE0d7"
            ]
        },
		{
            "type": "bitmap",
            "file": "minecraft:font/8.png",
            "ascent": 10,
            "height": 70,
            "chars": [
                "\uE0d8"
            ]
        },
		{
            "type": "bitmap",
            "file": "minecraft:font/9.png",
            "ascent": 10,
            "height": 70,
            "chars": [
                "\uE0d9"
            ]
        },
		
		
		
		{
            "type": "bitmap",
            "file": "minecraft:font/ind1.png",
            "ascent": -44,
            "height": 19,
            "chars": [
                "\uE1f1"
            ]
        },
		{
            "type": "bitmap",
            "file": "minecraft:font/ind2.png",
            "ascent": -44,
            "height": 19,
            "chars": [
                "\uE1f2"
            ]
        },
		{
            "type": "bitmap",
            "file": "minecraft:font/ind3.png",
            "ascent": -44,
            "height": 19,
            "chars": [
                "\uE1f3"
            ]
        },
		
		
		
		{
            "type": "bitmap",
            "file": "minecraft:font/day1.png",
            "ascent": -44,
            "height": 19,
            "chars": [
                "\uE1a1"
            ]
        },
		{
            "type": "bitmap",
            "file": "minecraft:font/day2.png",
            "ascent": -44,
            "height": 19,
            "chars": [
                "\uE1a2"
            ]
        },
		{
            "type": "bitmap",
            "file": "minecraft:font/day3.png",
            "ascent": -44,
            "height": 19,
            "chars": [
                "\uE1a3"
            ]
        },
		
				{
            "type": "bitmap",
            "file": "minecraft:font/day4.png",
            "ascent": -44,
            "height": 19,
            "chars": [
                "\uE1a4"
            ]
        },
		{
            "type": "bitmap",
            "file": "minecraft:font/night1.png",
            "ascent": -44,
            "height": 19,
            "chars": [
                "\uE1a5"
            ]
        },
		{
            "type": "bitmap",
            "file": "minecraft:font/night2.png",
            "ascent": -44,
            "height": 19,
            "chars": [
                "\uE1a6"
            ]
        },
		{
            "type": "bitmap",
            "file": "minecraft:font/night3.png",
            "ascent": -44,
            "height": 19,
            "chars": [
                "\uE1a7"
            ]
        },
		{
            "type": "bitmap",
            "file": "minecraft:font/night4.png",
            "ascent": -44,
            "height": 19,
            "chars": [
                "\uE1a8"
            ]
        },
		
		
		
		{
            "type": "bitmap",
            "file": "minecraft:font/n.png",
            "ascent": -44,
            "height": 19,
            "chars": [
                "\uE1b1"
            ]
        },
		{
            "type": "bitmap",
            "file": "minecraft:font/nw.png",
            "ascent": -44,
            "height": 19,
            "chars": [
                "\uE1b2"
            ]
        },
		{
            "type": "bitmap",
            "file": "minecraft:font/w.png",
            "ascent": -44,
            "height": 19,
            "chars": [
                "\uE1b3"
            ]
        },
		
				{
            "type": "bitmap",
            "file": "minecraft:font/sw.png",
            "ascent": -44,
            "height": 19,
            "chars": [
                "\uE1b4"
            ]
        },
		{
            "type": "bitmap",
            "file": "minecraft:font/s.png",
            "ascent": -44,
            "height": 19,
            "chars": [
                "\uE1b5"
            ]
        },
		{
            "type": "bitmap",
            "file": "minecraft:font/se.png",
            "ascent": -44,
            "height": 19,
            "chars": [
                "\uE1b6"
            ]
        },
		{
            "type": "bitmap",
            "file": "minecraft:font/e.png",
            "ascent": -44,
            "height": 19,
            "chars": [
                "\uE1b7"
            ]
        },
		{
            "type": "bitmap",
            "file": "minecraft:font/ne.png",
            "ascent": -44,
            "height": 19,
            "chars": [
                "\uE1b8"
            ]
        },
		
		
		
		
		
		{
            "type": "bitmap",
            "file": "space:font/space_split.png",
            "ascent": -32768,
            "height": -3,
            "chars": [
                "\uF801"
            ]
        },
        {
            "type": "bitmap",
            "file": "space:font/space_split.png",
            "ascent": -32768,
            "height": -4,
            "chars": [
                "\uF802"
            ]
        },
        {
            "type": "bitmap",
            "file": "space:font/space_split.png",
            "ascent": -32768,
            "height": -5,
            "chars": [
                "\uF803"
            ]
        },
        {
            "type": "bitmap",
            "file": "space:font/space_split.png",
            "ascent": -32768,
            "height": -6,
            "chars": [
                "\uF804"
            ]
        },
        {
            "type": "bitmap",
            "file": "space:font/space_split.png",
            "ascent": -32768,
            "height": -7,
            "chars": [
                "\uF805"
            ]
        },
        {
            "type": "bitmap",
            "file": "space:font/space_split.png",
            "ascent": -32768,
            "height": -8,
            "chars": [
                "\uF806"
            ]
        },
        {
            "type": "bitmap",
            "file": "space:font/space_split.png",
            "ascent": -32768,
            "height": -9,
            "chars": [
                "\uF807"
            ]
        },
        {
            "type": "bitmap",
            "file": "space:font/space_split.png",
            "ascent": -32768,
            "height": -10,
            "chars": [
                "\uF808"
            ]
        },
        {
            "type": "bitmap",
            "file": "space:font/space_split.png",
            "ascent": -32768,
            "height": -18,
            "chars": [
                "\uF809"
            ]
        },
        {
            "type": "bitmap",
            "file": "space:font/space_split.png",
            "ascent": -32768,
            "height": -34,
            "chars": [
                "\uF80A"
            ]
        },
        {
            "type": "bitmap",
            "file": "space:font/space_split.png",
            "ascent": -32768,
            "height": -66,
            "chars": [
                "\uF80B"
            ]
        },
        {
            "type": "bitmap",
            "file": "space:font/space_split.png",
            "ascent": -32768,
            "height": -130,
            "chars": [
                "\uF80C"
            ]
        },
        {
            "type": "bitmap",
            "file": "space:font/space_split.png",
            "ascent": -32768,
            "height": -258,
            "chars": [
                "\uF80D"
            ]
        },
        {
            "type": "bitmap",
            "file": "space:font/space_split.png",
            "ascent": -32768,
            "height": -514,
            "chars": [
                "\uF80E"
            ]
        },
        {
            "type": "bitmap",
            "file": "space:font/space_split.png",
            "ascent": -32768,
            "height": -1026,
            "chars": [
                "\uF80F"
            ]
        },
        {
            "type": "bitmap",
            "file": "space:font/space_split.png",
            "ascent": -65536,
            "height": -32770,
            "chars": [
                "\uF800"
            ]
        },
        {
            "type": "bitmap",
            "file": "space:font/space_split.png",
            "ascent": -32768,
            "height": 0,
            "chars": [
                "\uF821"
            ]
        },
        {
            "type": "bitmap",
            "file": "space:font/space_split.png",
            "ascent": -32768,
            "height": 1,
            "chars": [
                "\uF822"
            ]
        },
        {
            "type": "bitmap",
            "file": "space:font/space_split.png",
            "ascent": -32768,
            "height": 2,
            "chars": [
                "\uF823"
            ]
        },
        {
            "type": "bitmap",
            "file": "space:font/space_split.png",
            "ascent": -32768,
            "height": 3,
            "chars": [
                "\uF824"
            ]
        },
        {
            "type": "bitmap",
            "file": "space:font/space_split.png",
            "ascent": -32768,
            "height": 4,
            "chars": [
                "\uF825"
            ]
        },
        {
            "type": "bitmap",
            "file": "space:font/space_split.png",
            "ascent": -32768,
            "height": 5,
            "chars": [
                "\uF826"
            ]
        },
        {
            "type": "bitmap",
            "file": "space:font/space_split.png",
            "ascent": -32768,
            "height": 6,
            "chars": [
                "\uF827"
            ]
        },
        {
            "type": "bitmap",
            "file": "space:font/space_split.png",
            "ascent": -32768,
            "height": 7,
            "chars": [
                "\uF828"
            ]
        },
        {
            "type": "bitmap",
            "file": "space:font/space_split.png",
            "ascent": -32768,
            "height": 15,
            "chars": [
                "\uF829"
            ]
        },
        {
            "type": "bitmap",
            "file": "space:font/space_split.png",
            "ascent": -32768,
            "height": 31,
            "chars": [
                "\uF82A"
            ]
        },
        {
            "type": "bitmap",
            "file": "space:font/space_split.png",
            "ascent": -32768,
            "height": 63,
            "chars": [
                "\uF82B"
            ]
        },
        {
            "type": "bitmap",
            "file": "space:font/space_split.png",
            "ascent": -32768,
            "height": 127,
            "chars": [
                "\uF82C"
            ]
        },
        {
            "type": "bitmap",
            "file": "space:font/space_split.png",
            "ascent": -32768,
            "height": 255,
            "chars": [
                "\uF82D"
            ]
        },
        {
            "type": "bitmap",
            "file": "space:font/space_split.png",
            "ascent": -32768,
            "height": 511,
            "chars": [
                "\uF82E"
            ]
        },
        {
            "type": "bitmap",
            "file": "space:font/space_split.png",
            "ascent": -32768,
            "height": 1023,
            "chars": [
                "\uF82F"
            ]
        },
        {
            "type": "bitmap",
            "file": "space:font/space_split.png",
            "ascent": -65536,
            "height": 32767,
            "chars": [
                "\uF820"
            ]
        },
        {
            "type": "bitmap",
            "file": "space:font/space_nosplit.png",
            "ascent": -32768,
            "height": -3,
            "chars": [
                "\uF811"
            ]
        },
        {
            "type": "bitmap",
            "file": "space:font/space_nosplit.png",
            "ascent": -32768,
            "height": -4,
            "chars": [
                "\uF812"
            ]
        },
        {
            "type": "bitmap",
            "file": "space:font/space_nosplit.png",
            "ascent": -32768,
            "height": -5,
            "chars": [
                "\uF813"
            ]
        },
        {
            "type": "bitmap",
            "file": "space:font/space_nosplit.png",
            "ascent": -32768,
            "height": -6,
            "chars": [
                "\uF814"
            ]
        },
        {
            "type": "bitmap",
            "file": "space:font/space_nosplit.png",
            "ascent": -32768,
            "height": -7,
            "chars": [
                "\uF815"
            ]
        },
        {
            "type": "bitmap",
            "file": "space:font/space_nosplit.png",
            "ascent": -32768,
            "height": -8,
            "chars": [
                "\uF816"
            ]
        },
        {
            "type": "bitmap",
            "file": "space:font/space_nosplit.png",
            "ascent": -32768,
            "height": -9,
            "chars": [
                "\uF817"
            ]
        },
        {
            "type": "bitmap",
            "file": "space:font/space_nosplit.png",
            "ascent": -32768,
            "height": -10,
            "chars": [
                "\uF818"
            ]
        },
        {
            "type": "bitmap",
            "file": "space:font/space_nosplit.png",
            "ascent": -32768,
            "height": -18,
            "chars": [
                "\uF819"
            ]
        },
        {
            "type": "bitmap",
            "file": "space:font/space_nosplit.png",
            "ascent": -32768,
            "height": -34,
            "chars": [
                "\uF81A"
            ]
        },
        {
            "type": "bitmap",
            "file": "space:font/space_nosplit.png",
            "ascent": -32768,
            "height": -66,
            "chars": [
                "\uF81B"
            ]
        },
        {
            "type": "bitmap",
            "file": "space:font/space_nosplit.png",
            "ascent": -32768,
            "height": -130,
            "chars": [
                "\uF81C"
            ]
        },
        {
            "type": "bitmap",
            "file": "space:font/space_nosplit.png",
            "ascent": -32768,
            "height": -258,
            "chars": [
                "\uF81D"
            ]
        },
        {
            "type": "bitmap",
            "file": "space:font/space_nosplit.png",
            "ascent": -32768,
            "height": -514,
            "chars": [
                "\uF81E"
            ]
        },
        {
            "type": "bitmap",
            "file": "space:font/space_nosplit.png",
            "ascent": -32768,
            "height": -1026,
            "chars": [
                "\uF81F"
            ]
        },
        {
            "type": "bitmap",
            "file": "space:font/space_nosplit.png",
            "ascent": -65536,
            "height": -32770,
            "chars": [
                "\uF810"
            ]
        },
        {
            "type": "bitmap",
            "file": "space:font/space_nosplit.png",
            "ascent": -32768,
            "height": 0,
            "chars": [
                "\uF831"
            ]
        },
        {
            "type": "bitmap",
            "file": "space:font/space_nosplit.png",
            "ascent": -32768,
            "height": 1,
            "chars": [
                "\uF832"
            ]
        },
        {
            "type": "bitmap",
            "file": "space:font/space_nosplit.png",
            "ascent": -32768,
            "height": 2,
            "chars": [
                "\uF833"
            ]
        },
        {
            "type": "bitmap",
            "file": "space:font/space_nosplit.png",
            "ascent": -32768,
            "height": 3,
            "chars": [
                "\uF834"
            ]
        },
        {
            "type": "bitmap",
            "file": "space:font/space_nosplit.png",
            "ascent": -32768,
            "height": 4,
            "chars": [
                "\uF835"
            ]
        },
        {
            "type": "bitmap",
            "file": "space:font/space_nosplit.png",
            "ascent": -32768,
            "height": 5,
            "chars": [
                "\uF836"
            ]
        },
        {
            "type": "bitmap",
            "file": "space:font/space_nosplit.png",
            "ascent": -32768,
            "height": 6,
            "chars": [
                "\uF837"
            ]
        },
        {
            "type": "bitmap",
            "file": "space:font/space_nosplit.png",
            "ascent": -32768,
            "height": 7,
            "chars": [
                "\uF838"
            ]
        },
        {
            "type": "bitmap",
            "file": "space:font/space_nosplit.png",
            "ascent": -32768,
            "height": 15,
            "chars": [
                "\uF839"
            ]
        },
        {
            "type": "bitmap",
            "file": "space:font/space_nosplit.png",
            "ascent": -32768,
            "height": 31,
            "chars": [
                "\uF83A"
            ]
        },
        {
            "type": "bitmap",
            "file": "space:font/space_nosplit.png",
            "ascent": -32768,
            "height": 63,
            "chars": [
                "\uF83B"
            ]
        },
        {
            "type": "bitmap",
            "file": "space:font/space_nosplit.png",
            "ascent": -32768,
            "height": 127,
            "chars": [
                "\uF83C"
            ]
        },
        {
            "type": "bitmap",
            "file": "space:font/space_nosplit.png",
            "ascent": -32768,
            "height": 255,
            "chars": [
                "\uF83D"
            ]
        },
        {
            "type": "bitmap",
            "file": "space:font/space_nosplit.png",
            "ascent": -32768,
            "height": 511,
            "chars": [
                "\uF83E"
            ]
        },
        {
            "type": "bitmap",
            "file": "space:font/space_nosplit.png",
            "ascent": -32768,
            "height": 1023,
            "chars": [
                "\uF83F"
            ]
        },
        {
            "type": "bitmap",
            "file": "space:font/space_nosplit.png",
            "ascent": -65536,
            "height": 32767,
            "chars": [
                "\uF830"
            ]
        }
    ]
}